regime,style,option_type,label_noise,model,family,n_train,seed,fit_seconds,mae_usd,rmse_usd,max_usd,mae_inside_usd,mae_outside_usd,delta_mae,gamma_mae,pde_rms,boundary_mae_usd,boundary_missing,iv_mae_pts,iv_failed,viol_convex,viol_delta,viol_bound,viol_calendar
noisy,american,put,0.005,pinn_n2,pinn,0,0,145.49334769999996,2.3129473548349586,2.631338547481022,5.463287830352781,2.3129473548349586,,,,,21.25,0.7777777777777778,7.970303217480394,0.0,0.28888888888888886,0.1688888888888889,0.0044444444444444444,0.0
noisy,american,put,0.005,poly_ridge,ml,50,0,0.0017179000005853595,0.7603245906295755,1.1304134836224313,5.4074300600602925,0.7603245906295755,,,,,11.500000000000002,0.0,3.0925839286312344,0.047619047619047616,0.27111111111111114,0.24888888888888888,0.4266666666666667,0.39555555555555555
noisy,american,put,0.005,kernel_ridge,ml,50,0,0.09481079999932263,0.7113005188464844,0.9170841012514808,3.6965815464607497,0.7113005188464844,,,,,3.2777777777777795,0.0,4.035661964482686,0.09523809523809523,0.2311111111111111,0.27555555555555555,0.5555555555555556,0.32
noisy,american,put,0.005,random_forest,ml,50,0,0.4258696000006239,0.9606419132949471,1.4908568013361752,5.298113762278339,0.9606419132949471,,,,,4.611111111111107,0.0,5.307173954519482,0.047619047619047616,0.4888888888888889,0.06222222222222222,0.4266666666666667,0.4533333333333333
noisy,american,put,0.005,grad_boosting,ml,50,0,0.37604129999999714,0.9654421546841926,1.4080689235902593,4.92009123505443,0.9654421546841926,,,,,5.444444444444442,0.0,4.685229644513418,0.14285714285714285,0.4666666666666667,0.2222222222222222,0.4711111111111111,0.4444444444444444
noisy,american,put,0.005,mlp_tanh,dl,50,0,3.582734700000401,0.7807335390491852,0.9758903799436235,3.8878028849392363,0.7807335390491852,,,,,1.9444444444444424,0.0,5.348572758271658,0.0,0.0,0.20444444444444446,0.6355555555555555,0.44
noisy,american,put,0.005,mlp_relu,dl,50,0,3.793652100000145,0.4010833358239428,0.6249433866656483,2.8098428249359153,0.4010833358239428,,,,,7.687500000000003,0.1111111111111111,2.383599411262588,0.0,0.10666666666666667,0.04,0.4711111111111111,0.2577777777777778
noisy,american,put,0.005,resnet_silu,dl,50,0,5.532888499999899,0.30568221080026436,0.44957582014678976,2.428527698877377,0.30568221080026436,,,,,1.6666666666666694,0.0,2.392660219793456,0.047619047619047616,0.06222222222222222,0.11555555555555555,0.4711111111111111,0.12
noisy,american,put,0.005,fourier_mlp,dl,50,0,3.3652754999993704,8.5809232890922,12.024882858517564,43.13551835715771,8.5809232890922,,,,,8.111111111111107,0.0,18.917336399884256,0.3333333333333333,0.4577777777777778,0.6933333333333334,0.52,0.5111111111111111
noisy,american,put,0.005,picnn,dl,50,0,11.123105399999986,1.746353642103542,2.039673958886534,4.882845878601072,1.746353642103542,,,,,1.94444444444444,0.0,6.966840548723472,0.0,0.0,0.09777777777777778,0.6533333333333333,0.4666666666666667
noisy,american,put,0.005,bs_iv_net,dl,50,0,4.417432299999746,0.2256066271357298,0.36576453376227525,1.070372159427342,0.2256066271357298,,,,,7.166666666666671,0.0,2.3376967924946386,0.0,0.0,0.0,0.13333333333333333,0.09777777777777778
noisy,american,put,0.005,poly_ridge,ml,200,0,0.0013596999997389503,0.4635062400919773,0.6316249209239178,2.5003735144315162,0.4635062400919773,,,,,1.333333333333332,0.0,2.257929937676452,0.047619047619047616,0.26666666666666666,0.24888888888888888,0.4444444444444444,0.3111111111111111
noisy,american,put,0.005,kernel_ridge,ml,200,0,0.20530989999951998,0.3203070598162071,0.4397717684521236,1.8509623474908663,0.3203070598162071,,,,,1.1111111111111107,0.0,1.5371628276877074,0.09523809523809523,0.20444444444444446,0.18666666666666668,0.4222222222222222,0.3022222222222222
noisy,american,put,0.005,random_forest,ml,200,0,0.4638115000007019,0.3029271141651942,0.41722485482209676,1.8189460731994234,0.3029271141651942,,,,,4.33333333333333,0.0,2.1093468849486445,0.0,0.48444444444444446,0.21333333333333335,0.35555555555555557,0.43555555555555553
noisy,american,put,0.005,grad_boosting,ml,200,0,0.3876968000004126,0.6241705784158006,0.9826087265736104,5.136852534896819,0.6241705784158006,,,,,4.83333333333333,0.0,1.889322019291572,0.0,0.35555555555555557,0.27111111111111114,0.4711111111111111,0.14222222222222222
noisy,american,put,0.005,mlp_tanh,dl,200,0,3.999334099999942,0.30022030398346256,0.4245530734653892,1.9733359674244353,0.30022030398346256,,,,,1.7222222222222225,0.0,1.4612060362747818,0.047619047619047616,0.11555555555555555,0.16444444444444445,0.4533333333333333,0.11555555555555555
noisy,american,put,0.005,mlp_relu,dl,200,0,3.9445725999994465,0.265483134631229,0.35567273418631,1.43069028854369,0.265483134631229,,,,,3.388888888888892,0.0,1.6780113159107022,0.047619047619047616,0.13777777777777778,0.09777777777777778,0.49777777777777776,0.28
noisy,american,put,0.005,resnet_silu,dl,200,0,6.582522499999868,0.1737321537133733,0.23180702974638304,1.1088629821567961,0.1737321537133733,,,,,1.7777777777777768,0.0,0.7974012092768635,0.047619047619047616,0.11555555555555555,0.12,0.5155555555555555,0.27111111111111114
noisy,american,put,0.005,fourier_mlp,dl,200,0,4.003350200000568,4.56939228359057,7.033232498857221,26.262172460556034,4.56939228359057,,,,,4.722222222222221,0.0,11.903126637111693,0.09523809523809523,0.4577777777777778,0.5377777777777778,0.41333333333333333,0.52
noisy,american,put,0.005,picnn,dl,200,0,12.482493900000009,0.8517811187953105,1.0477758697183561,3.344278560045285,0.8517811187953105,,,,,1.8888888888888868,0.0,4.823804530971445,0.0,0.0,0.08444444444444445,0.6355555555555555,0.3111111111111111
noisy,american,put,0.005,bs_iv_net,dl,200,0,4.742634999999609,0.09052849954422074,0.1740522567951675,0.852303504943841,0.09052849954422074,,,,,1.0555555555555565,0.0,0.5258299937480599,0.0,0.0,0.04888888888888889,0.19555555555555557,0.14222222222222222
noisy,american,put,0.005,poly_ridge,ml,1000,0,0.001583299999765586,0.4314956265738633,0.5813745049334781,2.5249090883845047,0.4314956265738633,,,,,0.9999999999999997,0.0,2.9145514628363642,0.047619047619047616,0.28,0.24888888888888888,0.3288888888888889,0.27555555555555555
noisy,american,put,0.005,kernel_ridge,ml,1000,0,1.4950586000004478,0.11402594346549956,0.1392698891298563,0.3840837018202703,0.11402594346549956,,,,,1.5000000000000002,0.0,0.8445969698068042,0.0,0.20444444444444446,0.044444444444444446,0.24,0.3111111111111111
noisy,american,put,0.005,random_forest,ml,1000,0,0.3694788000002518,0.23832668553703057,0.3141861994322858,1.2088712791705745,0.23832668553703057,,,,,3.2777777777777732,0.0,1.3240112822382897,0.0,0.48,0.16444444444444445,0.30666666666666664,0.44
noisy,american,put,0.005,grad_boosting,ml,1000,0,1.1838309999993726,0.3335564843520438,0.44422128981505027,1.7296490346146247,0.3335564843520438,,,,,3.6111111111111067,0.0,1.241551506290453,0.047619047619047616,0.38666666666666666,0.25333333333333335,0.4177777777777778,0.4311111111111111
noisy,american,put,0.005,mlp_tanh,dl,1000,0,5.519890699999451,0.1959998693550309,0.3130628972313192,1.8063893178730437,0.1959998693550309,,,,,1.055555555555553,0.0,1.3017063584981474,0.047619047619047616,0.16,0.1688888888888889,0.22666666666666666,0.24444444444444444
noisy,american,put,0.005,mlp_relu,dl,1000,0,5.605967899999996,0.09531047054433417,0.13423491885966196,0.5257304554992015,0.09531047054433417,,,,,3.555555555555555,0.0,0.6161203282443507,0.0,0.15555555555555556,0.02666666666666667,0.12,0.3022222222222222
noisy,american,put,0.005,resnet_silu,dl,1000,0,10.084842400000525,0.08879801931724098,0.13092967903979813,0.8642760673790405,0.08879801931724098,,,,,1.388888888888894,0.0,0.4603016866413877,0.0,0.12444444444444444,0.008888888888888889,0.14666666666666667,0.27111111111111114
noisy,american,put,0.005,fourier_mlp,dl,1000,0,6.221828699999605,0.802719948214064,1.1384578679298787,4.880916858607596,0.802719948214064,,,,,5.222222222222225,0.0,3.058169245993689,0.047619047619047616,0.4711111111111111,0.3377777777777778,0.36444444444444446,0.5333333333333333
noisy,american,put,0.005,picnn,dl,1000,0,16.589862299999368,0.6900162449292131,0.8493451187482142,3.096993790033383,0.6900162449292131,,,,,2.1111111111111094,0.0,5.3489670077989455,0.0,0.0,0.08,0.6088888888888889,0.28444444444444444
noisy,american,put,0.005,bs_iv_net,dl,1000,0,6.079464399999779,0.089823988858554,0.15150705616344895,0.5031692981719904,0.089823988858554,,,,,2.444444444444447,0.0,0.8021261454601457,0.0,0.013333333333333334,0.04,0.16,0.09777777777777778
noisy,american,put,0.005,poly_ridge,ml,3000,0,0.002894199999900593,0.4385972042191106,0.5734164690657605,2.1634789332784585,0.4385972042191106,,,,,0.7222222222222191,0.0,2.445287448878949,0.047619047619047616,0.28444444444444444,0.26222222222222225,0.3422222222222222,0.2311111111111111
noisy,american,put,0.005,kernel_ridge,ml,3000,0,13.275001500000144,0.06013789119188032,0.07740174376937037,0.28122996555183244,0.06013789119188032,,,,,0.9999999999999997,0.0,0.39575114140204937,0.0,0.20444444444444446,0.017777777777777778,0.15555555555555556,0.23555555555555555
noisy,american,put,0.005,random_forest,ml,3000,0,0.3607491000002483,0.21194630809674078,0.26248604487239635,0.8816107112488203,0.21194630809674078,,,,,1.61111111111111,0.0,1.3176789498033092,0.047619047619047616,0.48444444444444446,0.17777777777777778,0.28888888888888886,0.4088888888888889
noisy,american,put,0.005,grad_boosting,ml,3000,0,1.2061680999995588,0.19798961835865836,0.2861196653960397,0.9702624884248376,0.19798961835865836,,,,,1.8888888888888844,0.0,1.2898473458904662,0.047619047619047616,0.41333333333333333,0.16,0.3022222222222222,0.4577777777777778
noisy,american,put,0.005,mlp_tanh,dl,3000,0,8.87248240000008,0.20211562156019353,0.30208018471466863,1.492617056730313,0.20211562156019353,,,,,1.1111111111111083,0.0,0.8976434147251429,0.047619047619047616,0.18666666666666668,0.18666666666666668,0.24444444444444444,0.2222222222222222
noisy,american,put,0.005,mlp_relu,dl,3000,0,8.214109800000188,0.07458239555190031,0.10012950434816974,0.40029287338257946,0.07458239555190031,,,,,2.8333333333333344,0.0,0.3796803971900396,0.0,0.15555555555555556,0.02666666666666667,0.16444444444444445,0.2577777777777778
noisy,american,put,0.005,resnet_silu,dl,3000,0,15.861461299999974,0.1029835528291563,0.14763266519965174,0.8462188402443359,0.1029835528291563,,,,,1.166666666666669,0.0,0.6444492536805714,0.047619047619047616,0.1111111111111111,0.04,0.20444444444444446,0.26222222222222225
noisy,american,put,0.005,fourier_mlp,dl,3000,0,9.594293899999684,0.3233201400180234,0.4391590013531026,1.4796632199860382,0.3233201400180234,,,,,3.4444444444444424,0.0,2.0077175971001195,0.0,0.4444444444444444,0.26222222222222225,0.26222222222222225,0.4888888888888889
noisy,american,put,0.005,picnn,dl,3000,0,24.191536700000142,0.7107361130625759,0.8370999563527746,2.742721662881894,0.7107361130625759,,,,,1.6666666666666705,0.0,4.519693728974242,0.0,0.0,0.08,0.6222222222222222,0.2222222222222222
noisy,american,put,0.005,bs_iv_net,dl,3000,0,9.089413400000012,0.020311132980967095,0.03832046336625257,0.19456982612610085,0.020311132980967095,,,,,0.6111111111111154,0.0,0.14636594427822153,0.0,0.044444444444444446,0.0,0.06666666666666667,0.08
noisy,american,put,0.005,poly_ridge,ml,50,1,0.0017306999998254469,0.46033497785234373,0.6142260505526395,1.9337456693128696,0.46033497785234373,,,,,1.4444444444444446,0.0,2.4237448659099554,0.0,0.28444444444444444,0.12444444444444444,0.4622222222222222,0.29777777777777775
noisy,american,put,0.005,kernel_ridge,ml,50,1,0.09539899999981571,0.6084736315394342,0.8257419828114719,2.4360532425809507,0.6084736315394342,,,,,2.722222222222226,0.0,2.4716358534191105,0.14285714285714285,0.2222222222222222,0.1688888888888889,0.49333333333333335,0.30666666666666664
noisy,american,put,0.005,random_forest,ml,50,1,0.42798709999988205,1.151600765704931,1.799827288041621,6.5662368425127235,1.151600765704931,,,,,4.888888888888886,0.0,7.0885842359090265,0.047619047619047616,0.6133333333333333,0.16,0.35555555555555557,0.48444444444444446
noisy,american,put,0.005,grad_boosting,ml,50,1,0.38767680000000837,1.8842710410981827,3.091268236002051,16.168540028050714,1.8842710410981827,,,,,5.833333333333331,0.0,7.188699151088448,0.047619047619047616,0.3333333333333333,0.18666666666666668,0.4311111111111111,0.3422222222222222
noisy,american,put,0.005,mlp_tanh,dl,50,1,3.6447189000000435,0.43283431870118166,0.6549100605538544,3.278634102108998,0.43283431870118166,,,,,2.2777777777777746,0.0,3.9373862540147893,0.0,0.08,0.14666666666666667,0.5244444444444445,0.18222222222222223
noisy,american,put,0.005,mlp_relu,dl,50,1,3.6976917000001777,0.5987685284645411,0.8048003031630637,3.0923857234414682,0.5987685284645411,,,,,16.000000000000004,0.0,4.527341007982998,0.0,0.15555555555555556,0.06222222222222222,0.47555555555555556,0.2
noisy,american,put,0.005,resnet_silu,dl,50,1,5.719517900000028,0.8241989914087233,1.3015503326903326,6.077650711896939,0.8241989914087233,,,,,5.166666666666664,0.0,7.6225887839560675,0.0,0.008888888888888889,0.13333333333333333,0.52,0.4311111111111111
noisy,american,put,0.005,fourier_mlp,dl,50,1,3.3448771000003035,8.081234817604656,10.81257524607533,34.68384668231009,8.081234817604656,,,,,7.61111111111111,0.0,39.580247747508984,0.14285714285714285,0.47555555555555556,0.6844444444444444,0.47555555555555556,0.4622222222222222
noisy,american,put,0.005,picnn,dl,50,1,11.372128399999383,1.161988394442926,1.71768195073588,7.696648464563413,1.161988394442926,,,,,5.833333333333329,0.0,9.611030353261315,0.0,0.0,0.08888888888888889,0.5422222222222223,0.4711111111111111
noisy,american,put,0.005,bs_iv_net,dl,50,1,4.405497599999762,0.2636257402279095,0.4052015701295201,1.3776067847199147,0.2636257402279095,,,,,6.611111111111115,0.0,2.8733505682949168,0.0,0.0,0.0,0.14666666666666667,0.05333333333333334
noisy,american,put,0.005,poly_ridge,ml,200,1,0.0013498999996954808,0.3930836381461439,0.5435207943229866,2.218523957143611,0.3930836381461439,,,,,1.611111111111109,0.0,2.9568859239960514,0.0,0.27555555555555555,0.2311111111111111,0.29777777777777775,0.26666666666666666
noisy,american,put,0.005,kernel_ridge,ml,200,1,0.18863109999983863,0.27629098337172364,0.35769228655458246,1.4512780321407903,0.27629098337172364,,,,,0.6111111111111117,0.0,1.0087075055432724,0.0,0.15555555555555556,0.18222222222222223,0.39555555555555555,0.2311111111111111
noisy,american,put,0.005,random_forest,ml,200,1,0.4728533999996216,0.40000046254787985,0.671961022267689,2.679076786387572,0.40000046254787985,,,,,3.6666666666666625,0.0,3.410760070100738,0.0,0.7111111111111111,0.16444444444444445,0.23555555555555555,0.43555555555555553
noisy,american,put,0.005,grad_boosting,ml,200,1,0.3772678999994241,1.2690568282934453,2.7531261774000506,13.661604856004189,1.2690568282934453,,,,,3.9444444444444406,0.0,4.394614675417305,0.14285714285714285,0.5733333333333334,0.12444444444444444,0.3688888888888889,0.5244444444444445
noisy,american,put,0.005,mlp_tanh,dl,200,1,4.143341599999985,0.25079723269565624,0.3719887968640442,1.543433741691632,0.25079723269565624,,,,,0.9444444444444429,0.0,1.1998631915698021,0.047619047619047616,0.13333333333333333,0.17333333333333334,0.30666666666666664,0.18222222222222223
noisy,american,put,0.005,mlp_relu,dl,200,1,3.8958001000000877,0.1632930098460042,0.22849660151697937,0.865283310413345,0.1632930098460042,,,,,4.166666666666666,0.0,1.0894068040323859,0.0,0.19111111111111112,0.08444444444444445,0.24888888888888888,0.22666666666666666
noisy,american,put,0.005,resnet_silu,dl,200,1,6.461309299999812,0.150006651815492,0.2039815424551109,0.9217744330196808,0.150006651815492,,,,,1.6111111111111114,0.0,0.8360014103618049,0.0,0.08,0.07555555555555556,0.35555555555555557,0.17777777777777778
noisy,american,put,0.005,fourier_mlp,dl,200,1,3.9464823000007527,3.1810078906485724,4.839482785256734,21.78804218769074,3.1810078906485724,,,,,5.3888888888888875,0.0,24.81493785345284,0.047619047619047616,0.4711111111111111,0.48444444444444446,0.49777777777777776,0.4622222222222222
noisy,american,put,0.005,picnn,dl,200,1,12.447375200000351,0.625548678805196,0.8066993614609951,3.2021602252750823,0.625548678805196,,,,,1.8333333333333313,0.0,4.91796832519966,0.0,0.0,0.12444444444444444,0.5955555555555555,0.15555555555555556
noisy,american,put,0.005,bs_iv_net,dl,200,1,4.739689500000168,0.053314968306405024,0.08360979661974022,0.24360537528992365,0.053314968306405024,,,,,0.8333333333333292,0.0,0.1864033380747027,0.0,0.06666666666666667,0.017777777777777778,0.14666666666666667,0.06666666666666667
noisy,american,put,0.005,poly_ridge,ml,1000,1,0.0015618999996149796,0.41732056726866107,0.5493975153807011,2.029183097589667,0.41732056726866107,,,,,0.7777777777777722,0.0,2.326158431605442,0.047619047619047616,0.28,0.24888888888888888,0.3244444444444444,0.21777777777777776
noisy,american,put,0.005,kernel_ridge,ml,1000,1,1.4881558999995832,0.11149940611206537,0.14380494839632146,0.4286540118158437,0.11149940611206537,,,,,1.7777777777777806,0.0,0.7101275074229543,0.0,0.2222222222222222,0.04888888888888889,0.18222222222222223,0.29333333333333333
noisy,american,put,0.005,random_forest,ml,1000,1,0.36935019999964425,0.23446378667350684,0.32313187617666966,1.395927293757171,0.23446378667350684,,,,,2.0555555555555562,0.0,1.6668055055807949,0.0,0.5511111111111111,0.14222222222222222,0.17333333333333334,0.39111111111111113
noisy,american,put,0.005,grad_boosting,ml,1000,1,1.179099099999803,0.291258497033754,0.39787773445610214,1.5510668638379896,0.291258497033754,,,,,2.2222222222222165,0.0,1.896115450324178,0.0,0.4622222222222222,0.2311111111111111,0.26666666666666666,0.49333333333333335
noisy,american,put,0.005,mlp_tanh,dl,1000,1,5.537174799999775,0.2521016522705611,0.3601145845954811,1.5718953321009108,0.2521016522705611,,,,,1.055555555555554,0.0,1.0770398891164827,0.047619047619047616,0.19111111111111112,0.2,0.2577777777777778,0.14222222222222222
noisy,american,put,0.005,mlp_relu,dl,1000,1,5.309299200000169,0.08450124016905361,0.12359613793381538,0.4046300790174505,0.08450124016905361,,,,,2.9444444444444455,0.0,0.8976583740920419,0.0,0.12,0.035555555555555556,0.15555555555555556,0.23555555555555555
noisy,american,put,0.005,resnet_silu,dl,1000,1,10.236731699999837,0.10029206989340966,0.13223956971992878,0.5299312630920837,0.10029206989340966,,,,,2.5555555555555567,0.0,0.5754915603816905,0.0,0.08,0.008888888888888889,0.17333333333333334,0.28888888888888886
noisy,american,put,0.005,fourier_mlp,dl,1000,1,6.19562279999991,0.7296825626398149,1.1774329427040704,10.623957216739644,0.7296825626398149,,,,,3.111111111111113,0.0,2.789424787554049,0.047619047619047616,0.47555555555555556,0.3422222222222222,0.3288888888888889,0.48444444444444446
noisy,american,put,0.005,picnn,dl,1000,1,16.471259400000235,0.6591093115500762,0.8094762301424733,2.781497464540524,0.6591093115500762,,,,,1.666666666666667,0.0,4.135960546802989,0.0,0.0,0.09777777777777778,0.6177777777777778,0.13777777777777778
noisy,american,put,0.005,bs_iv_net,dl,1000,1,6.125672600000144,0.04181481205840078,0.08236877247477382,0.3373479843139626,0.04181481205840078,,,,,0.8333333333333353,0.0,0.26538956199882524,0.0,0.008888888888888889,0.0,0.11555555555555555,0.04
noisy,american,put,0.005,poly_ridge,ml,3000,1,0.002499599999282509,0.41689187962080665,0.5526348066888463,2.173602659487391,0.41689187962080665,,,,,0.8888888888888835,0.0,2.3953935235453296,0.047619047619047616,0.28444444444444444,0.26222222222222225,0.3466666666666667,0.22666666666666666
noisy,american,put,0.005,kernel_ridge,ml,3000,1,13.241579000000456,0.08272040409366677,0.10160889598987753,0.23848560749044584,0.08272040409366677,,,,,0.7777777777777772,0.0,0.40405172537912487,0.0,0.2311111111111111,0.035555555555555556,0.2577777777777778,0.32
noisy,american,put,0.005,random_forest,ml,3000,1,0.35257090000050084,0.2057865279705974,0.2595221566137048,0.7609114707295833,0.2057865279705974,,,,,0.8888888888888884,0.0,1.222146933251558,0.0,0.5377777777777778,0.17777777777777778,0.2088888888888889,0.40444444444444444
noisy,american,put,0.005,grad_boosting,ml,3000,1,1.4203539000000092,0.19876129742556173,0.2572824146049887,0.904785972073599,0.19876129742556173,,,,,2.6111111111111085,0.0,0.9295980336145799,0.0,0.5644444444444444,0.15555555555555556,0.32,0.40444444444444444
noisy,american,put,0.005,mlp_tanh,dl,3000,1,8.816608800000722,0.2628353843455278,0.37579337239298427,1.7875467995434233,0.2628353843455278,,,,,1.2777777777777752,0.0,1.234796436453266,0.047619047619047616,0.19111111111111112,0.20444444444444446,0.27555555555555555,0.1511111111111111
noisy,american,put,0.005,mlp_relu,dl,3000,1,8.191473799999585,0.06241932555105577,0.08524695129792059,0.3178817033767545,0.06241932555105577,,,,,1.0000000000000009,0.0,0.4965530672946487,0.0,0.16444444444444445,0.022222222222222223,0.1288888888888889,0.2311111111111111
noisy,american,put,0.005,resnet_silu,dl,3000,1,15.583221299999423,0.09326698788718897,0.13642129189312202,0.8174104253082702,0.09326698788718897,,,,,1.2777777777777788,0.0,0.6321538605446746,0.0,0.10666666666666667,0.02666666666666667,0.19111111111111112,0.3244444444444444
noisy,american,put,0.005,fourier_mlp,dl,3000,1,9.460681900000054,0.27276123869357694,0.3553135679165815,1.2996198245422343,0.27276123869357694,,,,,1.666666666666667,0.0,1.472718265533309,0.0,0.4533333333333333,0.28444444444444444,0.31555555555555553,0.4577777777777778
noisy,american,put,0.005,picnn,dl,3000,1,24.111119700000017,0.661308693523,0.8227757808061996,3.2487233737736174,0.661308693523,,,,,1.7777777777777806,0.0,4.295593523997122,0.0,0.0,0.07555555555555556,0.6177777777777778,0.10666666666666667
noisy,american,put,0.005,bs_iv_net,dl,3000,1,9.131105200000093,0.028387701938895032,0.04773835145980335,0.1718914508819558,0.028387701938895032,,,,,0.5000000000000029,0.0,0.13707845860363815,0.0,0.05333333333333334,0.008888888888888889,0.1111111111111111,0.08
